id;name;last name;mail;telephone;password;
fa32;kamil;mika;ja@o2.pl;535555555;b'\xb2\xf7=\xf0\xc9\xdat\xe1\xa3\xcf\xb7\xe6\x80ee\xff@\r\xf6\x13f\x10|\x18N\xa3\xcbb\x83\xa7r\x85'
21e2;Sebastian;Kurant;sebastian@gmail.com;555565656;b'\xb2\xf7=\xf0\xc9\xdat\xe1\xa3\xcf\xb7\xe6\x80ee\xff@\r\xf6\x13f\x10|\x18N\xa3\xcbb\x83\xa7r\x85'
3wd1;Mateusz;Siga;oo@op.pl;111111111;b'\xb2\xf7=\xf0\xc9\xdat\xe1\xa3\xcf\xb7\xe6\x80ee\xff@\r\xf6\x13f\x10|\x18N\xa3\xcbb\x83\xa7r\x85'
scs4;Michał;Osak;osakmichal@gmail.com;1234;b'\xb2\xf7=\xf0\xc9\xdat\xe1\xa3\xcf\xb7\xe6\x80ee\xff@\r\xf6\x13f\x10|\x18N\xa3\xcbb\x83\xa7r\x85'
sE+6;a;a;a;aaaa;b'\xb2\xf7=\xf0\xc9\xdat\xe1\xa3\xcf\xb7\xe6\x80ee\xff@\r\xf6\x13f\x10|\x18N\xa3\xcbb\x83\xa7r\x85'
#eb1;Pélagie;Gilbert;dgilbert0@godaddy.com;535555555;b'\xb2\xf7=\xf0\xc9\xdat\xe1\xa3\xcf\xb7\xe6\x80ee\xff@\r\xf6\x13f\x10|\x18N\xa3\xcbb\x83\xa7r\x85'
#114;Maïwenn;Matthews;mmatthews1@prnewswire.com;535555555;b'\xb2\xf7=\xf0\xc9\xdat\xe1\xa3\xcf\xb7\xe6\x80ee\xff@\r\xf6\x13f\x10|\x18N\xa3\xcbb\x83\xa7r\x85'
#976;Laurélie;Russell;krussell2@cbslocal.com;535555555;b'\xb2\xf7=\xf0\xc9\xdat\xe1\xa3\xcf\xb7\xe6\x80ee\xff@\r\xf6\x13f\x10|\x18N\xa3\xcbb\x83\xa7r\x85'
#75a;Publicité;Carter;jcarter3@globo.com;535555555;b'\xb2\xf7=\xf0\xc9\xdat\xe1\xa3\xcf\xb7\xe6\x80ee\xff@\r\xf6\x13f\x10|\x18N\xa3\xcbb\x83\xa7r\x85'
#75d;Maï;Perry;tperry4@csmonitor.com;535555555;b'\xb2\xf7=\xf0\xc9\xdat\xe1\xa3\xcf\xb7\xe6\x80ee\xff@\r\xf6\x13f\x10|\x18N\xa3\xcbb\x83\xa7r\x85'
#b34;Håkan;Berry;wberry5@tumblr.com;535555555;b'\xb2\xf7=\xf0\xc9\xdat\xe1\xa3\xcf\xb7\xe6\x80ee\xff@\r\xf6\x13f\x10|\x18N\xa3\xcbb\x83\xa7r\x85'
#553;Jú;Thomas;pthomas6@smh.com.au;535555555;b'\xb2\xf7=\xf0\xc9\xdat\xe1\xa3\xcf\xb7\xe6\x80ee\xff@\r\xf6\x13f\x10|\x18N\xa3\xcbb\x83\xa7r\x85'
#2a8;Régine;Brooks;hbrooks7@epa.gov;535555555;b'\xb2\xf7=\xf0\xc9\xdat\xe1\xa3\xcf\xb7\xe6\x80ee\xff@\r\xf6\x13f\x10|\x18N\xa3\xcbb\x83\xa7r\x85'
#d69;Anaé;Rogers;crogers8@un.org;535555555;b'\xb2\xf7=\xf0\xc9\xdat\xe1\xa3\xcf\xb7\xe6\x80ee\xff@\r\xf6\x13f\x10|\x18N\xa3\xcbb\x83\xa7r\x85'
#bde;Lauréna;Hicks;lhicks9@princeton.edu;535555555;b'\xb2\xf7=\xf0\xc9\xdat\xe1\xa3\xcf\xb7\xe6\x80ee\xff@\r\xf6\x13f\x10|\x18N\xa3\xcbb\x83\xa7r\x85'
#165;Kuí;Gordon;sgordona@odnoklassniki.ru;535555555;b'\xb2\xf7=\xf0\xc9\xdat\xe1\xa3\xcf\xb7\xe6\x80ee\xff@\r\xf6\x13f\x10|\x18N\xa3\xcbb\x83\xa7r\x85'
#a79;Naëlle;Rogers;hrogersb@ox.ac.uk;535555555;b'\xb2\xf7=\xf0\xc9\xdat\xe1\xa3\xcf\xb7\xe6\x80ee\xff@\r\xf6\x13f\x10|\x18N\xa3\xcbb\x83\xa7r\x85'
#72e;Edmée;Harrison;bharrisonc@ucla.edu;535555555;b'\xb2\xf7=\xf0\xc9\xdat\xe1\xa3\xcf\xb7\xe6\x80ee\xff@\r\xf6\x13f\x10|\x18N\xa3\xcbb\x83\xa7r\x85'
#b66;Esbjörn;Black;vblackd@ustream.tv;535555555;b'\xb2\xf7=\xf0\xc9\xdat\xe1\xa3\xcf\xb7\xe6\x80ee\xff@\r\xf6\x13f\x10|\x18N\xa3\xcbb\x83\xa7r\x85'
#1d4;Tú;Welch;ewelche@gizmodo.com;535555555;b'\xb2\xf7=\xf0\xc9\xdat\xe1\xa3\xcf\xb7\xe6\x80ee\xff@\r\xf6\x13f\x10|\x18N\xa3\xcbb\x83\xa7r\x85'
#092;Salomé;Nelson;knelsonf@merriam-webster.com;535555555;b'\xb2\xf7=\xf0\xc9\xdat\xe1\xa3\xcf\xb7\xe6\x80ee\xff@\r\xf6\x13f\x10|\x18N\xa3\xcbb\x83\xa7r\x85'
#975;Maëlys;Howell;chowellg@intel.com;535555555;b'\xb2\xf7=\xf0\xc9\xdat\xe1\xa3\xcf\xb7\xe6\x80ee\xff@\r\xf6\x13f\x10|\x18N\xa3\xcbb\x83\xa7r\x85'
#3ed;Mélanie;Montgomery;hmontgomeryh@google.co.jp;535555555;b'\xb2\xf7=\xf0\xc9\xdat\xe1\xa3\xcf\xb7\xe6\x80ee\xff@\r\xf6\x13f\x10|\x18N\xa3\xcbb\x83\xa7r\x85'
#242;Noëlla;Bailey;rbaileyi@google.de;535555555;b'\xb2\xf7=\xf0\xc9\xdat\xe1\xa3\xcf\xb7\xe6\x80ee\xff@\r\xf6\x13f\x10|\x18N\xa3\xcbb\x83\xa7r\x85'
#845;Loïs;Rogers;nrogersj@uol.com.br;535555555;b'\xb2\xf7=\xf0\xc9\xdat\xe1\xa3\xcf\xb7\xe6\x80ee\xff@\r\xf6\x13f\x10|\x18N\xa3\xcbb\x83\xa7r\x85'
#9e5;Inès;Williams;twilliamsk@plala.or.jp;535555555;b'\xb2\xf7=\xf0\xc9\xdat\xe1\xa3\xcf\xb7\xe6\x80ee\xff@\r\xf6\x13f\x10|\x18N\xa3\xcbb\x83\xa7r\x85'
#6db;Célia;Kennedy;ekennedyl@wisc.edu;535555555;b'\xb2\xf7=\xf0\xc9\xdat\xe1\xa3\xcf\xb7\xe6\x80ee\xff@\r\xf6\x13f\x10|\x18N\xa3\xcbb\x83\xa7r\x85'
#3ac;Cinéma;Nichols;bnicholsm@tripod.com;535555555;b'\xb2\xf7=\xf0\xc9\xdat\xe1\xa3\xcf\xb7\xe6\x80ee\xff@\r\xf6\x13f\x10|\x18N\xa3\xcbb\x83\xa7r\x85'
#4ef;Cléa;Riley;rrileyn@netvibes.com;535555555;b'\xb2\xf7=\xf0\xc9\xdat\xe1\xa3\xcf\xb7\xe6\x80ee\xff@\r\xf6\x13f\x10|\x18N\xa3\xcbb\x83\xa7r\x85'
#d6a;Desirée;Spencer;aspencero@sciencedaily.com;535555555;b'\xb2\xf7=\xf0\xc9\xdat\xe1\xa3\xcf\xb7\xe6\x80ee\xff@\r\xf6\x13f\x10|\x18N\xa3\xcbb\x83\xa7r\x85'
#c4a;Esbjörn;Peters;gpetersp@psu.edu;535555555;b'\xb2\xf7=\xf0\xc9\xdat\xe1\xa3\xcf\xb7\xe6\x80ee\xff@\r\xf6\x13f\x10|\x18N\xa3\xcbb\x83\xa7r\x85'
#6af;Desirée;Moore;tmooreq@hud.gov;535555555;b'\xb2\xf7=\xf0\xc9\xdat\xe1\xa3\xcf\xb7\xe6\x80ee\xff@\r\xf6\x13f\x10|\x18N\xa3\xcbb\x83\xa7r\x85'
#ccf;Yáo;Castillo;lcastillor@yelp.com;535555555;b'\xb2\xf7=\xf0\xc9\xdat\xe1\xa3\xcf\xb7\xe6\x80ee\xff@\r\xf6\x13f\x10|\x18N\xa3\xcbb\x83\xa7r\x85'
#7c3;Mà;Knight;bknights@jimdo.com;535555555;b'\xb2\xf7=\xf0\xc9\xdat\xe1\xa3\xcf\xb7\xe6\x80ee\xff@\r\xf6\x13f\x10|\x18N\xa3\xcbb\x83\xa7r\x85'
#5db;Angèle;Gilbert;mgilbertt@columbia.edu;535555555;b'\xb2\xf7=\xf0\xc9\xdat\xe1\xa3\xcf\xb7\xe6\x80ee\xff@\r\xf6\x13f\x10|\x18N\xa3\xcbb\x83\xa7r\x85'

